blind_output_id,case_id,evidence_kind,motion,scenario,input_score,output_summary,output_strength,output_priority,output_drill,output_caution,human_grounding_1_to_5,human_helpfulness_1_to_5,human_clarity_1_to_5,human_hallucination_yes_no,reviewer_notes
BLIND-01,S-SV-02,synthetic_structured_stress_case,serve,low_score_multiple_priorities,52,本次發球動作評估已完成，整體表現尚可（綜合評分52分）。在準備姿勢階段表現穩定（準備姿勢可辨識）。,"[""準備姿勢可辨識（strengths_0）""]","[""擊球點穩定度（improvement_priorities_0）"",""重心轉移（improvement_priorities_1）""]",[],基於單鏡頭 2D 姿態資料，未直接偵測羽球或球拍,,,,,
BLIND-02,R-CLR-10,real_video_pipeline_output,clear,,82,評估顯示在高清動作中，身體運動的品質良好，但需要進一步優化。整體評分為82分，系統信心度高。,"[""sideways_preparation"",""weight_transfer""]","[""non_racket_arm_balance"",""swing_smoothness""]","[""無""]",單鏡頭2D限制：無法完全評估球的實際進程和結果。,,,,,
BLIND-03,S-SV-01,synthetic_structured_stress_case,serve,high_score_no_priority,95,本次評估的整體表現良好，動作節奏穩定。建議在實際練習中注意細微的動作調整以進一步提升。,"[""動作節奏穩定""]","[""動作節奏穩定""]","[""進行不同速度的發球練習""]",單鏡頭 2D 限制：無法直接偵測羽球或球拍的精確位置和動態。,,,,,
BLIND-04,R-FW-01,real_video_pipeline_output,footwork,,,本次步法評估未進行完整評分與系統信心度分析。目前的檢測結果受限於單鏡頭2D拍攝角度，無法精確判斷3D空間中的深度與實際距離。,"[""動作完成度 (movement_completion)""]","[""動作完成度 (movement_completion)""]",[],本分析基於單鏡頭2D影像，缺乏深度資訊，可能影響空間定位與實際移動距離的判讀準確度。,,,,,
BLIND-05,R-SV-02,real_video_pipeline_output,serve,,85,本次評估針對發球動作的教學，整體表現良好，展現了良好的身體協調性與動作流暢度。建議進一步針對特定動作進行細微調整以提升發球品質。,"[""準備穩定性"",""揮拍完整性"",""身體協調性"",""動作流暢度""]","[""(優點/改善ID)""]","[""(優點/改善ID)""]",單鏡頭2D限制：無法評估球的實際飛行軌跡或正式發球的合法性。,,,,,
BLIND-06,R-CLR-03,real_video_pipeline_output,clear,,85,本次評估主要針對清晰的發球動作，利用單鏡頭2D MediaPipe地標進行分析。結果反映了身體動作的品質，而非球的最終結果。,"[""側向準備"",""重量轉移"",""非球拍手臂平衡"",""揮拍順暢度""]",[],[],單鏡頭2D限制：無法完全捕捉球的實際軌跡和後續的球運動結果。,,,,,
BLIND-07,S-CLR-03,synthetic_structured_stress_case,clear,insufficient_evidence_no_score,,本次評估為結構化壓力測試，非實際影片分析結果。系統信心度偏低且證據不足。,[],[],[],基於單鏡頭 2D 姿態資料，未直接偵測羽球或球拍，此案例是結構化壓力測試，不是影片分析結果,,,,,
BLIND-08,R-SV-05,real_video_pipeline_output,serve,,79,本次羽球發球動作整體評估表現良好，動作流暢度與完整性皆具備水準。未來可針對身體協調性持續訓練以提升發球品質。,"[""準備穩定度 (preparation_stability)"",""揮拍完整性 (swing_completeness)"",""動作流暢度 (motion_smoothness)""]","[""身體協調性 (body_coordination)""]",[],本版本使用單鏡頭 2D MediaPipe 骨架點來評估可見的正手發球教學動作。評估結果僅針對可見的身體動作品質，不代表羽球落點結果或正式發球合法性。,,,,,
BLIND-09,S-FW-03,synthetic_structured_stress_case,footwork,low_confidence_scored,67,評估結果顯示，整體步態表現尚可，但存在一些需要改進的細節。建議著重於步幅的穩定性以提升整體效率。,"[""部分步序可辨識""]","[""步幅一致性""]","[""專注於保持步幅的穩定性練習""]",單鏡頭 2D 限制：無法直接偵測羽球或球拍的精確互動，僅能觀察身體的整體運動軌跡。,,,,,
BLIND-10,R-SV-01,real_video_pipeline_output,serve,,81,本次評估針對發球動作的執行品質，整體表現良好，具備良好的身體協調性與動作流暢度。建議著重於準備階段的穩定性以進一步提升發球的精準度。,"[""swing_completeness"",""body_coordination"",""motion_smoothness""]","[""preparation_stability""]","[""專注於準備階段的穩定性練習""]",單鏡頭2D限制：無法評估球的實際飛行軌跡或正式服務的合法性。,,,,,
BLIND-11,R-CLR-06,real_video_pipeline_output,clear,,59,本次評估主要針對高清飛球的教學動作，利用單鏡頭2D MediaPipe地標進行分析。結果反映了身體動作的品質，而非飛球的實際結果。,"[""揮拍順暢""]","[""側向準備"",""重量轉移"",""非球拍手臂平衡""]","[""側向準備練習"",""重量轉移練習"",""非球拍手臂平衡練習""]",單鏡頭2D限制：無法完全捕捉球拍和羽球的互動細節，僅評估身體動作的品質。,,,,,
BLIND-12,R-CLR-06,real_video_pipeline_output,clear,,59,本次高遠球動作評估已完成，整體表現尚可但仍有進步空間。評估結果反映出動作流暢度與核心發力機制的協調性需要加強。,"[""揮拍流暢度 (swing_smoothness)""]","[""側身準備 (sideways_preparation)"",""體重轉移 (weight_transfer)"",""非持拍手平衡 (non_racket_arm_balance)""]",[],此版本使用單鏡頭 2D MediaPipe 特徵點評估可見的高遠球教學動作，結果僅評估身體動作品質，不代表實際羽球落點或球質。,,,,,
BLIND-13,S-SV-03,synthetic_structured_stress_case,serve,medium_confidence_forbidden_visual_claim_trap,73,發球動作表現穩定，出手方向一致（strengths_0）。但需加強手腕控制（improvement_priorities_0），以提升整體表現。,"[""出手方向一致（strengths_0）""]","[""手腕控制（improvement_priorities_0）""]",[],本分析基於單鏡頭 2D 姿態資料，未直接偵測羽球或球拍，此案例是結構化壓力測試，不是影片分析結果。,,,,,
BLIND-14,S-SV-03,synthetic_structured_stress_case,serve,medium_confidence_forbidden_visual_claim_trap,73,本次評估的整體表現尚可，在出手方向上展現了一定的一致性。需要進一步針對手腕控制進行訓練以提升表現。,"[""出手方向一致""]","[""手腕控制""]","[""針對手腕控制進行專注練習""]",單鏡頭2D限制：由於僅有單鏡頭2D資料，無法直接偵測羽球或球拍的精確互動細節。,,,,,
BLIND-15,R-SV-02,real_video_pipeline_output,serve,,85,整體發球動作表現優異，具備良好的穩定性與協調性。各項技術指標皆在水準之上，動作流暢且完整。,"[""準備穩定性 (preparation_stability)"",""揮拍完整性 (swing_completeness)"",""身體協調性 (body_coordination)"",""動作流暢度 (motion_smoothness)""]",[],[],本版本使用單鏡頭 2D MediaPipe 骨架點進行可見的正手發球教學動作評估，結果評估的是可見的身體動作品質，而非擊球結果或正式發球合法性。,,,,,
BLIND-16,R-SV-06,real_video_pipeline_output,serve,,84,本次評估針對發球動作的教學，整體表現良好，具備良好的身體協調性與動作流暢度。建議進一步強化揮拍的完整性以提升發球品質。,"[""準備穩定性"",""身體協調性"",""動作流暢度""]","[""揮拍完整性""]","[""專注於發球準備階段的穩定性練習"",""練習身體協調性在發球中的應用"",""針對揮拍完整性進行分解練習""]",單鏡頭2D限制：無法評估球的實際飛行軌跡或發球的實際效果，僅評估可見的身體動作品質。,,,,,
BLIND-17,R-FW-03,real_video_pipeline_output,footwork,,70.259,評估顯示在腳部動作上存在一些需要改進的空間，特別是在移動的精準度和速度上。建議著重於提升身體的協調性和反應能力。,"[""movement_completion""]","[""recovery_speed""]","[""針對移動完成度的練習"",""專注於恢復速度的訓練""]",單鏡頭2D限制：請注意，2D影像無法完全捕捉三維空間中的精確移動軌跡和身體協調的細微差別，尤其在評估恢復速度時，需要結合更多視角或更精細的標註來驗證。,,,,,
BLIND-18,R-CLR-08,real_video_pipeline_output,clear,,56,本次評估主要針對清晰的發球動作，利用單鏡頭2D MediaPipe地標進行分析。結果反映了身體動作的品質，而非球的最終結果。,"[""sideways_preparation"",""weight_transfer"",""non_racket_arm_balance"",""swing_smoothness""]","[""sideways_preparation"",""weight_transfer"",""non_racket_arm_balance"",""swing_smoothness""]","[""sideways_preparation"",""weight_transfer"",""non_racket_arm_balance"",""swing_smoothness""]",單鏡頭2D限制：無法完全評估球的實際飛軌和落點。,,,,,
BLIND-19,S-CLR-02,synthetic_structured_stress_case,clear,low_score_multiple_priorities,48,整體評估顯示，在特定動作中存在可觀察的身體控制，但需要進一步優化引拍高度和身體旋轉的執行方式。,"[""重心仍可辨識""]","[""引拍高度"",""身體旋轉""]","[""引拍高度訓練"",""身體旋轉練習""]",單鏡頭2D限制：無法完全捕捉球拍與羽球的精確互動，需注意身體旋轉的連貫性。,,,,,
BLIND-20,R-CLR-02,real_video_pipeline_output,clear,,58,本次評估顯示擊球動作尚在發展階段，整體動作評分偏低。需加強側身準備與重心轉移，以提升擊球品質。,[],"[""側身準備 (sideways_preparation)"",""重心轉移 (weight_transfer)"",""非持拍手平衡 (non_racket_arm_balance)"",""揮拍流暢度 (swing_smoothness)""]",[],"This version evaluates visible high-clear teaching motion using one-camera 2D MediaPipe landmarks. The result evaluates body-motion quality, not shuttle outcome.",,,,,
BLIND-21,R-CLR-09,real_video_pipeline_output,clear,,73,本次評估主要針對高清的發球動作，利用單鏡頭2D MediaPipe地標進行分析。結果反映了身體動作的品質，而非球的最終結果。,"[""側向準備"",""揮拍順暢""]","[""重量轉移"",""非球拍手臂平衡""]","[""針對側向準備的練習"",""針對揮拍順暢的練習""]",單鏡頭2D限制：無法完全捕捉球的實際軌跡和結果。,,,,,
BLIND-22,S-CLR-01,synthetic_structured_stress_case,clear,high_score_minor_issue,92,整體評分高，擊球準備穩定。主要建議著重於收拍的完整性以進一步提升表現。,"[""擊球準備穩定""]","[""收拍完整性""]","[""針對收拍動作進行專注練習""]",單鏡頭 2D 限制：無法直接偵測羽球或球拍的精確位置和動態。,,,,,
BLIND-23,R-CLR-04,real_video_pipeline_output,clear,,51,本次評估顯示您的擊球動作整體表現尚有進步空間。建議針對擊球時的身體準備與發力流暢度進行持續修正。,[],"[""側身準備 (sideways_preparation)"",""體重轉移 (weight_transfer)"",""非持拍手平衡 (non_racket_arm_balance)"",""揮拍流暢度 (swing_smoothness)""]",[],"This version evaluates visible high-clear teaching motion using one-camera 2D MediaPipe landmarks. The result evaluates body-motion quality, not shuttle outcome.",,,,,
BLIND-24,R-SV-01,real_video_pipeline_output,serve,,81,您的發球動作整體表現出色，具備良好的動作完成度與流暢度。整體動作品質獲得肯定，建議持續保持。,"[""揮拍完整性 (swing_completeness)"",""身體協調性 (body_coordination)"",""動作流暢度 (motion_smoothness)""]","[""準備穩定性 (preparation_stability)""]",[],"This version evaluates a visible forehand serve teaching motion using one-camera 2D MediaPipe landmarks. The result evaluates visible body-motion quality, not shuttle outcome or official service legality.",,,,,
BLIND-25,S-FW-03,synthetic_structured_stress_case,footwork,low_confidence_scored,67,本次步法評估顯示部分步序可辨識，整體表現尚可。後續建議針對特定項目進行調整。,"[""部分步序可辨識 (部分步序可辨識)""]","[""步幅一致性 (步幅一致性)""]",[],基於單鏡頭 2D 姿態資料，未直接偵測羽球或球拍，分析結果僅供參考。,,,,,
BLIND-26,R-SV-04,real_video_pipeline_output,serve,,73,本次評估針對發球動作的穩定性與流暢性進行分析，整體表現良好。建議著重於提升揮拍的完整性和身體協調性以進一步優化發球技術。,"[""preparation_stability"",""motion_smoothness""]","[""swing_completeness"",""body_coordination""]","[""針對揮拍的完整性進行練習"",""針對身體協調性進行練習""]",單鏡頭2D限制：無法評估球的實際飛行軌跡或正式發球的合法性。,,,,,
BLIND-27,R-SV-05,real_video_pipeline_output,serve,,79,本次評估針對發球動作的教學，整體表現良好，具備穩定的準備和流暢的動作。主要建議著重於身體協調性的提升。,"[""準備穩定"",""揮拍完整"",""動作流暢""]","[""身體協調性""]","[""針對身體協調性的練習""]",單鏡頭2D限制：無法評估球的實際飛行軌跡或正式發球的合法性。,,,,,
BLIND-28,S-CLR-03,synthetic_structured_stress_case,clear,insufficient_evidence_no_score,,本次評估缺乏足夠的證據來進行詳細的羽球技術分析，系統信心度較低。,"[""結構化壓力測試""]","[""依據現有資料進行進一步的數據收集""]","[""收集更多相關的影片或數據進行分析""]",單鏡頭 2D 限制，無法完全捕捉羽球運動的動態和空間關係。,,,,,
BLIND-29,R-CLR-03,real_video_pipeline_output,clear,,85,本次高遠球動作評估顯示整體表現優良，動作流暢且具備良好的擊球基礎。評估結果反映身體動作品質，不代表實際羽球落點。,"[""側身準備 (sideways_preparation)"",""體重轉移 (weight_transfer)"",""非持拍手平衡 (non_racket_arm_balance)"",""揮拍流暢度 (swing_smoothness)""]",[],[],This version evaluates visible high-clear teaching motion using one-camera 2D MediaPipe landmarks.,,,,,
BLIND-30,R-CLR-01,real_video_pipeline_output,clear,,62,本次評估主要針對高清發球動作中的身體運動品質進行分析，結果反映了身體動作的質量。請注意，此評估基於單鏡頭2D影像的身體運動，不代表球的實際結果。,"[""側向準備""]","[""重量轉移"",""非球拍手臂平衡"",""揮拍順暢度""]","[""針對重量轉移的練習"",""針對非球拍手臂平衡的練習"",""針對揮拍順暢度的練習""]",單鏡頭2D限制：無法完全捕捉球的實際軌跡和結果，僅評估身體運動的品質。,,,,,
BLIND-31,R-FW-02,real_video_pipeline_output,footwork,,84.756,"評估顯示在腳部動作上表現良好，但仍有進步空間。
建議著重於提升恢復速度，以優化整體運動效率。","[""movement_completion""]","[""recovery_speed""]","[""針對恢復速度的特定訓練項目""]",單鏡頭2D限制：需注意觀察身體在不同動作間的連貫性與精準度。,,,,,
BLIND-32,R-CLR-10,real_video_pipeline_output,clear,,82,整體高遠球動作評估表現良好，動作評分達到82分。擊球時的身體機制運作順暢，展現出良好的技術基礎。,"[""側身準備 (sideways_preparation)"",""體重轉移 (weight_transfer)""]","[""非持拍手平衡 (non_racket_arm_balance)"",""揮拍流暢度 (swing_smoothness)""]",[],此版本使用單鏡頭2D MediaPipe骨幹點來評估可見的高遠球教學動作。結果僅評估身體動作品質，而非羽球落點或實際結果。,,,,,
BLIND-33,R-CLR-05,real_video_pipeline_output,clear,,53,本次評估主要針對高清發球動作中的身體運動品質進行分析，結果反映了身體動作的質量。請注意，此評估基於單鏡頭2D影像的身體運動，不代表球的實際結果。,"[""sideways_preparation"",""weight_transfer"",""non_racket_arm_balance"",""swing_smoothness""]","[""sideways_preparation"",""weight_transfer"",""non_racket_arm_balance"",""swing_smoothness""]","[""sideways_preparation"",""weight_transfer"",""non_racket_arm_balance"",""swing_smoothness""]",單鏡頭2D限制：無法完全捕捉球的實際軌跡和結果，僅評估身體運動的品質。,,,,,
BLIND-34,R-FW-01,real_video_pipeline_output,footwork,,,評估顯示在腳部動作的完成度方面有基礎表現，但需要進一步的精準度訓練。,"[""movement_completion""]","[""movement_completion""]","[""針對腳部移動的完整性進行慢動作練習""]",單鏡頭2D限制：請注意觀察身體的整體移動軌跡，避免僅依賴單一視角判斷精準度。,,,,,
BLIND-35,R-FW-03,real_video_pipeline_output,footwork,,70.259,本系統針對您的羽球步法表現進行了綜合評估，整體得分為70.26分。評估結果顯示出您的步法有一定的完成度，但在移動後的恢復速度上仍有進步空間。,"[""動作完成度 (movement_completion)""]","[""回位速度 (recovery_speed)""]",[],基於單鏡頭2D影像分析限制，BASE_ZONE 表示回到基準區後直接轉向下一次移動，不等同精準回到原始中心。Base Zone 門檻目前仍為暫定值，需要更多影片與人工標註驗證。,,,,,
BLIND-36,R-CLR-07,real_video_pipeline_output,clear,,62,本次評估主要針對清晰的發球動作，利用單鏡頭2D MediaPipe地標進行分析。結果反映了身體動作的品質，而非球的最終結果。,"[""側向準備"",""揮拍順暢""]","[""重量轉移"",""非球拍手臂平衡""]","[""進行重量轉移練習"",""練習非球拍手臂平衡""]",單鏡頭2D限制：無法完全捕捉球的實際軌跡和後續的球運動結果。,,,,,
BLIND-37,S-FW-01,synthetic_structured_stress_case,footwork,high_score_single_priority,88,整體步法評估表現穩健，回位節奏維持得很好。啟動反應方面仍有進一步提升的空間以應付更高強度的對抗。,"[""回位節奏穩定 (strengths_0)""]","[""啟動反應 (improvement_priorities_0)""]",[],基於單鏡頭 2D 姿態資料，未直接偵測羽球或球拍，此案例是結構化壓力測試，不是影片分析結果,,,,,
BLIND-38,R-CLR-09,real_video_pipeline_output,clear,,73,本次評估顯示高遠球動作流程具備基本流暢度與準備姿勢。整體動作表現獲得七十三分。,"[""側身預備姿勢 (sideways_preparation)"",""揮拍動作流暢度 (swing_smoothness)""]","[""體重轉移 (weight_transfer)"",""非持拍手平衡 (non_racket_arm_balance)""]",[],本版本使用單鏡頭 2D MediaPipe 骨幹點評估可見的高遠球教學動作，結果僅評估身體動作品質，不代表實際羽球落點或擊球結果。,,,,,
BLIND-39,R-CLR-01,real_video_pipeline_output,clear,,62,本次評估顯示高遠球動作尚具基礎，但在發力與協調性上仍有進步空間。整體動作評分獲得62分，建議針對核心環節進行優化。,"[""側身準備 (sideways_preparation)""]","[""體重轉移 (weight_transfer)"",""非持拍手平衡 (non_racket_arm_balance)"",""揮拍流暢度 (swing_smoothness)""]",[],本版本使用單鏡頭2D MediaPipe特徵點評估可見的高遠球教學動作。評估結果僅衡量身體動作品質，不代表實際羽球落點或擊球結果。,,,,,
BLIND-40,R-SV-04,real_video_pipeline_output,serve,,73,發球動作表現出一定的準備穩定性與流暢度，整體評分達到73分。不過在揮拍完整性與身體協調性上仍有提升空間。,"[""準備穩定性 (preparation_stability)"",""動作流暢度 (motion_smoothness)""]","[""揮拍完整性 (swing_completeness)"",""身體協調性 (body_coordination)""]","[""加強完整揮拍軌跡練習以提升延伸感"",""進行核心與下肢連動訓練以改善全身協調""]",本版本使用單鏡頭2D MediaPipe特徵點來評估可見的正手發球教學動作，結果僅評估可見的身體動作品質，不代表羽球落點或官方發球合法性。,,,,,
BLIND-41,R-SV-06,real_video_pipeline_output,serve,,84,本次羽球發球動作整體評估表現良好，動作流程流暢且穩定。發球準備與協調性展現出良好的肢體控制能力。,"[""準備穩定度 (preparation_stability)"",""身體協調性 (body_coordination)"",""動作流暢度 (motion_smoothness)""]","[""揮拍完整性 (swing_completeness)""]",[],本系統使用單鏡頭2D影像進行動作評估，受限於視角，可能無法完全反映三維空間中的所有細節。評估結果僅針對可見的肢體動作品質進行分析，不代表實際的球路結果或官方發球合法性判斷。,,,,,
BLIND-42,R-CLR-02,real_video_pipeline_output,clear,,58,本次評估主要針對高清發球動作中的身體運動品質進行分析，結果反映了身體動作的質量。請注意，此評估基於單鏡頭2D影像的身體運動，不代表球的實際結果。,"[""sideways_preparation"",""weight_transfer"",""non_racket_arm_balance"",""swing_smoothness""]","[""sideways_preparation"",""weight_transfer"",""non_racket_arm_balance"",""swing_smoothness""]","[""sideways_preparation"",""weight_transfer"",""non_racket_arm_balance"",""swing_smoothness""]",單鏡頭2D限制：無法完全捕捉球的實際軌跡和結果，僅評估身體運動的品質。,,,,,
BLIND-43,R-FW-02,real_video_pipeline_output,footwork,,84.756,本次步法評估整體表現良好，展現出高度的動作完整性。需要持續優化移動表現以提升場上效率。,"[""動作完成度 (movement_completion)""]","[""回位速度 (recovery_speed)""]",[],本分析基於單鏡頭2D拍攝，BASE_ZONE 表示回到基準區後直接轉向下一次移動，不等同精準回到原始中心。Base Zone 門檻目前仍為暫定值，需要更多影片與人工標註驗證。,,,,,
BLIND-44,S-FW-01,synthetic_structured_stress_case,footwork,high_score_single_priority,88,評估顯示整體表現良好，具備穩定的回位節奏。建議著重於啟動反應的提升以進一步優化表現。,"[""回位節奏穩定""]","[""啟動反應""]","[""針對啟動反應的專項訓練""]",單鏡頭2D限制：無法直接偵測羽球或球拍的精確動態，僅基於姿態資料進行分析。,,,,,
BLIND-45,S-CLR-01,synthetic_structured_stress_case,clear,high_score_minor_issue,92,學員在擊球前的預備動作表現穩定，展現出良好的基本功。然而在後續動作中仍有提升空間，建議針對特定技術環節持續調整。,"[""擊球準備穩定 (strengths_0)""]","[""收拍完整性 (improvement_priorities_0)""]",[],基於單鏡頭 2D 姿態資料限制，未直接偵測羽球或球拍，此案例是結構化壓力測試，不是影片分析結果。,,,,,
BLIND-46,R-CLR-07,real_video_pipeline_output,clear,,62,本次評估顯示動作流暢度與擊球前側身準備表現良好。然而，在身體重心轉移與非持拍手平衡方面仍有改善空間。,"[""側身準備動作 (sideways_preparation)"",""揮拍流暢度 (swing_smoothness)""]","[""重心轉移 (weight_transfer)"",""非持拍手平衡 (non_racket_arm_balance)""]","[""反覆練習原地轉體並將重心從後腳移至前腳的分解動作"",""進行揮拍時非持拍手固定於胸前或指向球的平衡練習""]",本版本使用單鏡頭 2D MediaPipe 關鍵點評估可見的高遠球教學動作，結果僅評估身體動作品質，不代表實際羽球落點或擊球結果。,,,,,
BLIND-47,R-SV-03,real_video_pipeline_output,serve,,76,本次評估針對發球動作的穩定性與流暢性進行分析，整體表現良好。建議著重於提升揮拍的完整性和身體協調性以進一步優化發球技術。,"[""preparation_stability"",""motion_smoothness""]","[""swing_completeness"",""body_coordination""]","[""針對揮拍的完整性進行練習"",""針對身體協調性進行練習""]",單鏡頭2D限制：無法評估球的實際飛行軌跡或正式發球的合法性。,,,,,
BLIND-48,S-FW-02,synthetic_structured_stress_case,footwork,low_score_multiple_priorities,35,受測者的腳步移動表現整體評估為初步合格。目前僅能完成移動。,"[""能完成移動 (strengths_0)""]","[""回中心位置 (improvement_priorities_0)"",""左右平衡 (improvement_priorities_1)""]",[],單鏡頭 2D 姿態資料，未直接偵測羽球或球拍。此案例是結構化壓力測試，不是影片分析結果,,,,,
BLIND-49,S-SV-01,synthetic_structured_stress_case,serve,high_score_no_priority,95,整體表現展現出良好的動作穩定性。請持續保持目前的練習節奏。,"[""動作節奏穩定 (動作節奏穩定)""]",[],[],基於單鏡頭 2D 姿態資料，未直接偵測羽球或球拍，分析結果可能受限於視角與平面誤差。,,,,,
BLIND-50,S-SV-02,synthetic_structured_stress_case,serve,low_score_multiple_priorities,52,整體評估狀態為已評估，總分為52分，系統信心度為0.94。,"[""準備姿勢可辨識""]","[""擊球點穩定度"",""重心轉移""]","[""無""]",單鏡頭2D限制：無法直接偵測羽球或球拍的精確空間關係。,,,,,
BLIND-51,S-FW-02,synthetic_structured_stress_case,footwork,low_score_multiple_priorities,35,評估顯示整體表現尚可，具體需要針對移動和平衡進行調整。,"[""能完成移動""]","[""回中心位置"",""左右平衡""]","[""專注於移動的精準度訓練"",""進行左右平衡的靜態與動態訓練""]",單鏡頭2D限制：無法直接偵測羽球或球拍的精確軌跡，僅能觀察身體的整體移動模式。,,,,,
BLIND-52,R-CLR-05,real_video_pipeline_output,clear,,53,本次動作評估得分53分，整體表現尚有進步空間。評估結果僅反應身體動作品質，不包含擊球結果。,[],"[""側身準備 (sideways_preparation)"",""體重轉移 (weight_transfer)"",""非持拍手平衡 (non_racket_arm_balance)"",""揮拍流暢度 (swing_smoothness)""]",[],此版本使用單鏡頭2D MediaPipe特徵點評估可見的高遠球教學動作，結果僅評估身體動作品質，不代表實際羽球落點或結果。,,,,,
BLIND-53,R-CLR-08,real_video_pipeline_output,clear,,56,本次羽球高遠球動作評估顯示整體表現尚有進步空間。建議針對擊球前的準備與發力流暢度進行調整。,[],"[""側身預備動作 (sideways_preparation)"",""體重轉移 (weight_transfer)"",""非持拍手平衡 (non_racket_arm_balance)"",""揮拍流暢度 (swing_smoothness)""]",[],This version evaluates visible high-clear teaching motion using one-camera 2D MediaPipe landmarks.,,,,,
BLIND-54,S-CLR-02,synthetic_structured_stress_case,clear,low_score_multiple_priorities,48,整體表現尚可，但部分動作細節需要調整。整體評分與系統信心指數顯示目前動作仍有進步空間。,"[""重心仍可辨識 (重心仍可辨識)""]","[""引拍高度 (引拍高度)"",""身體旋轉 (身體旋轉)""]",[],基於單鏡頭 2D 姿態資料，未直接偵測羽球或球拍。此案例是結構化壓力測試，不是影片分析結果。,,,,,
BLIND-55,R-CLR-04,real_video_pipeline_output,clear,,51,本次評估主要針對高清發球動作中的身體運動品質進行分析，結果反映了身體動作的質量。請注意，此評估基於單鏡頭2D影像的身體運動，不代表球的實際結果。,"[""sideways_preparation"",""weight_transfer"",""non_racket_arm_balance"",""swing_smoothness""]","[""sideways_preparation"",""weight_transfer"",""non_racket_arm_balance"",""swing_smoothness""]","[""sideways_preparation"",""weight_transfer"",""non_racket_arm_balance"",""swing_smoothness""]",單鏡頭2D限制：無法完全捕捉球的實際軌跡和結果，僅評估身體運動的品質。,,,,,
BLIND-56,R-SV-03,real_video_pipeline_output,serve,,76,本次發球動作評估顯示整體表現穩定，具備良好的動作流暢度與準備穩定性（preparation_stability、motion_smoothness）。但在揮拍完整性與身體協調性上仍有進步空間（swing_completeness、body_coordination）。,"[""準備動作穩定性 (preparation_stability)"",""動作流暢度 (motion_smoothness)""]","[""揮拍完整性 (swing_completeness)"",""身體協調性 (body_coordination)""]",[],"This version evaluates a visible forehand serve teaching motion using one-camera 2D MediaPipe landmarks. The result evaluates visible body-motion quality, not shuttle outcome or official service legality.",,,,,
