blind_output_id,case_id,evidence_kind,motion,scenario,input_score,input_status,input_strengths,input_priorities,output_summary,output_strength,output_priority,output_drill,output_caution,auto_all_checks_pass,human_grounding_1_to_5,human_helpfulness_1_to_5,human_clarity_1_to_5,human_hallucination_yes_no,reviewer_notes
OUT-01,R-CLR-01,real_video_pipeline_output,clear,,62,EVALUATED,"[""sideways_preparation""]","[""weight_transfer"",""non_racket_arm_balance"",""swing_smoothness""]",本次clear評估已完成，規則引擎的整體評分為62分；以下內容只整理既有結果。,"[""規則引擎記錄的優點（sideways_preparation）""]","[""優先改善（weight_transfer）"",""優先改善（non_racket_arm_balance）"",""優先改善（swing_smoothness）""]","[""針對 weight_transfer 進行分段慢速練習，並依原規則結果複查。"",""針對 non_racket_arm_balance 進行分段慢速練習，並依原規則結果複查。"",""針對 swing_smoothness 進行分段慢速練習，並依原規則結果複查。""]",本說明僅根據單攝影機 2D MediaPipe 與規則結果，未直接辨識羽球或球拍。,True,,,,,
OUT-02,R-CLR-02,real_video_pipeline_output,clear,,58,EVALUATED,[],"[""sideways_preparation"",""weight_transfer"",""non_racket_arm_balance"",""swing_smoothness""]",本次clear評估已完成，規則引擎的整體評分為58分；以下內容只整理既有結果。,"[""無明確優點：輸入未提供可確認的 strengths 項目""]","[""優先改善（sideways_preparation）"",""優先改善（weight_transfer）"",""優先改善（non_racket_arm_balance）"",""優先改善（swing_smoothness）""]","[""針對 sideways_preparation 進行分段慢速練習，並依原規則結果複查。"",""針對 weight_transfer 進行分段慢速練習，並依原規則結果複查。"",""針對 non_racket_arm_balance 進行分段慢速練習，並依原規則結果複查。"",""針對 swing_smoothness 進行分段慢速練習，並依原規則結果複查。""]",本說明僅根據單攝影機 2D MediaPipe 與規則結果，未直接辨識羽球或球拍。,True,,,,,
OUT-03,R-CLR-03,real_video_pipeline_output,clear,,85,EVALUATED,"[""sideways_preparation"",""weight_transfer"",""non_racket_arm_balance"",""swing_smoothness""]",[],本次clear評估已完成，規則引擎的整體評分為85分；以下內容只整理既有結果。,"[""規則引擎記錄的優點（sideways_preparation）"",""規則引擎記錄的優點（weight_transfer）"",""規則引擎記錄的優點（non_racket_arm_balance）"",""規則引擎記錄的優點（swing_smoothness）""]","[""無需新增改善項目：輸入未提供 improvement_priorities""]","[""維持基礎動作，待取得更完整資料後再調整練習。""]",本說明僅根據單攝影機 2D MediaPipe 與規則結果，未直接辨識羽球或球拍。,True,,,,,
OUT-04,R-CLR-04,real_video_pipeline_output,clear,,51,EVALUATED,[],"[""sideways_preparation"",""weight_transfer"",""non_racket_arm_balance"",""swing_smoothness""]",本次clear評估已完成，規則引擎的整體評分為51分；以下內容只整理既有結果。,"[""無明確優點：輸入未提供可確認的 strengths 項目""]","[""優先改善（sideways_preparation）"",""優先改善（weight_transfer）"",""優先改善（non_racket_arm_balance）"",""優先改善（swing_smoothness）""]","[""針對 sideways_preparation 進行分段慢速練習，並依原規則結果複查。"",""針對 weight_transfer 進行分段慢速練習，並依原規則結果複查。"",""針對 non_racket_arm_balance 進行分段慢速練習，並依原規則結果複查。"",""針對 swing_smoothness 進行分段慢速練習，並依原規則結果複查。""]",本說明僅根據單攝影機 2D MediaPipe 與規則結果，未直接辨識羽球或球拍。,True,,,,,
OUT-05,R-CLR-05,real_video_pipeline_output,clear,,53,EVALUATED,[],"[""sideways_preparation"",""weight_transfer"",""non_racket_arm_balance"",""swing_smoothness""]",本次clear評估已完成，規則引擎的整體評分為53分；以下內容只整理既有結果。,"[""無明確優點：輸入未提供可確認的 strengths 項目""]","[""優先改善（sideways_preparation）"",""優先改善（weight_transfer）"",""優先改善（non_racket_arm_balance）"",""優先改善（swing_smoothness）""]","[""針對 sideways_preparation 進行分段慢速練習，並依原規則結果複查。"",""針對 weight_transfer 進行分段慢速練習，並依原規則結果複查。"",""針對 non_racket_arm_balance 進行分段慢速練習，並依原規則結果複查。"",""針對 swing_smoothness 進行分段慢速練習，並依原規則結果複查。""]",本說明僅根據單攝影機 2D MediaPipe 與規則結果，未直接辨識羽球或球拍。,True,,,,,
OUT-06,R-CLR-06,real_video_pipeline_output,clear,,59,EVALUATED,"[""swing_smoothness""]","[""sideways_preparation"",""weight_transfer"",""non_racket_arm_balance""]",本次clear評估已完成，規則引擎的整體評分為59分；以下內容只整理既有結果。,"[""規則引擎記錄的優點（swing_smoothness）""]","[""優先改善（sideways_preparation）"",""優先改善（weight_transfer）"",""優先改善（non_racket_arm_balance）""]","[""針對 sideways_preparation 進行分段慢速練習，並依原規則結果複查。"",""針對 weight_transfer 進行分段慢速練習，並依原規則結果複查。"",""針對 non_racket_arm_balance 進行分段慢速練習，並依原規則結果複查。""]",本說明僅根據單攝影機 2D MediaPipe 與規則結果，未直接辨識羽球或球拍。,True,,,,,
OUT-07,R-CLR-07,real_video_pipeline_output,clear,,62,EVALUATED,"[""sideways_preparation"",""swing_smoothness""]","[""weight_transfer"",""non_racket_arm_balance""]",本次clear評估已完成，規則引擎的整體評分為62分；以下內容只整理既有結果。,"[""規則引擎記錄的優點（sideways_preparation）"",""規則引擎記錄的優點（swing_smoothness）""]","[""優先改善（weight_transfer）"",""優先改善（non_racket_arm_balance）""]","[""針對 weight_transfer 進行分段慢速練習，並依原規則結果複查。"",""針對 non_racket_arm_balance 進行分段慢速練習，並依原規則結果複查。""]",本說明僅根據單攝影機 2D MediaPipe 與規則結果，未直接辨識羽球或球拍。,True,,,,,
OUT-08,R-CLR-08,real_video_pipeline_output,clear,,56,EVALUATED,[],"[""sideways_preparation"",""weight_transfer"",""non_racket_arm_balance"",""swing_smoothness""]",本次clear評估已完成，規則引擎的整體評分為56分；以下內容只整理既有結果。,"[""無明確優點：輸入未提供可確認的 strengths 項目""]","[""優先改善（sideways_preparation）"",""優先改善（weight_transfer）"",""優先改善（non_racket_arm_balance）"",""優先改善（swing_smoothness）""]","[""針對 sideways_preparation 進行分段慢速練習，並依原規則結果複查。"",""針對 weight_transfer 進行分段慢速練習，並依原規則結果複查。"",""針對 non_racket_arm_balance 進行分段慢速練習，並依原規則結果複查。"",""針對 swing_smoothness 進行分段慢速練習，並依原規則結果複查。""]",本說明僅根據單攝影機 2D MediaPipe 與規則結果，未直接辨識羽球或球拍。,True,,,,,
OUT-09,R-CLR-09,real_video_pipeline_output,clear,,73,EVALUATED,"[""sideways_preparation"",""swing_smoothness""]","[""weight_transfer"",""non_racket_arm_balance""]",本次clear評估已完成，規則引擎的整體評分為73分；以下內容只整理既有結果。,"[""規則引擎記錄的優點（sideways_preparation）"",""規則引擎記錄的優點（swing_smoothness）""]","[""優先改善（weight_transfer）"",""優先改善（non_racket_arm_balance）""]","[""針對 weight_transfer 進行分段慢速練習，並依原規則結果複查。"",""針對 non_racket_arm_balance 進行分段慢速練習，並依原規則結果複查。""]",本說明僅根據單攝影機 2D MediaPipe 與規則結果，未直接辨識羽球或球拍。,True,,,,,
OUT-10,R-CLR-10,real_video_pipeline_output,clear,,82,EVALUATED,"[""sideways_preparation"",""weight_transfer""]","[""non_racket_arm_balance"",""swing_smoothness""]",評估顯示在高清動作中，身體運動的品質良好，但需要進一步優化。整體評分為82分，系統信心度高。,"[""sideways_preparation"",""weight_transfer""]","[""non_racket_arm_balance"",""swing_smoothness""]","[""無""]",單鏡頭2D限制：無法完全評估球的實際進程和結果。,True,,,,,
OUT-11,R-FW-01,real_video_pipeline_output,footwork,,,NOT_EVALUATED,"[""movement_completion""]","[""movement_completion""]",現有資料不足，無法可靠評估這次動作；請補充較完整且清楚的影片。,"[""規則引擎記錄的優點（movement_completion）""]","[""優先改善（movement_completion）""]","[""針對 movement_completion 進行分段慢速練習，並依原規則結果複查。""]",本說明僅根據單攝影機 2D MediaPipe 與規則結果，未直接辨識羽球或球拍。,True,,,,,
OUT-12,R-FW-02,real_video_pipeline_output,footwork,,84.756,EVALUATED,"[""movement_completion""]","[""recovery_speed""]","評估顯示在腳部動作上表現良好，但仍有進步空間。
建議著重於提升恢復速度，以優化整體運動效率。","[""movement_completion""]","[""recovery_speed""]","[""針對恢復速度的特定訓練項目""]",單鏡頭2D限制：需注意觀察身體在不同動作間的連貫性與精準度。,True,,,,,
OUT-13,R-FW-03,real_video_pipeline_output,footwork,,70.259,EVALUATED,"[""movement_completion""]","[""recovery_speed""]",評估顯示在腳部動作上存在一些需要改進的空間，特別是在移動的精準度和速度上。建議著重於提升身體的協調性和反應能力。,"[""movement_completion""]","[""recovery_speed""]","[""針對移動完成度的練習"",""專注於恢復速度的訓練""]",單鏡頭2D限制：請注意，2D影像無法完全捕捉三維空間中的精確移動軌跡和身體協調的細微差別，尤其在評估恢復速度時，需要結合更多視角或更精細的標註來驗證。,True,,,,,
OUT-14,R-SV-01,real_video_pipeline_output,serve,,81,EVALUATED,"[""swing_completeness"",""body_coordination"",""motion_smoothness""]","[""preparation_stability""]",本次評估針對發球動作的執行品質，整體表現良好，具備良好的身體協調性與動作流暢度。建議著重於準備階段的穩定性以進一步提升發球的精準度。,"[""swing_completeness"",""body_coordination"",""motion_smoothness""]","[""preparation_stability""]","[""專注於準備階段的穩定性練習""]",單鏡頭2D限制：無法評估球的實際飛行軌跡或正式服務的合法性。,True,,,,,
OUT-15,R-SV-02,real_video_pipeline_output,serve,,85,EVALUATED,"[""preparation_stability"",""swing_completeness"",""body_coordination"",""motion_smoothness""]",[],本次serve評估已完成，規則引擎的整體評分為85分；以下內容只整理既有結果。,"[""規則引擎記錄的優點（preparation_stability）"",""規則引擎記錄的優點（swing_completeness）"",""規則引擎記錄的優點（body_coordination）"",""規則引擎記錄的優點（motion_smoothness）""]","[""無需新增改善項目：輸入未提供 improvement_priorities""]","[""維持基礎動作，待取得更完整資料後再調整練習。""]",本說明僅根據單攝影機 2D MediaPipe 與規則結果，未直接辨識羽球或球拍。,True,,,,,
OUT-16,R-SV-03,real_video_pipeline_output,serve,,76,EVALUATED,"[""preparation_stability"",""motion_smoothness""]","[""swing_completeness"",""body_coordination""]",本次評估針對發球動作的穩定性與流暢性進行分析，整體表現良好。建議著重於提升揮拍的完整性和身體協調性以進一步優化發球技術。,"[""preparation_stability"",""motion_smoothness""]","[""swing_completeness"",""body_coordination""]","[""針對揮拍的完整性進行練習"",""針對身體協調性進行練習""]",單鏡頭2D限制：無法評估球的實際飛行軌跡或正式發球的合法性。,True,,,,,
OUT-17,R-SV-04,real_video_pipeline_output,serve,,73,EVALUATED,"[""preparation_stability"",""motion_smoothness""]","[""swing_completeness"",""body_coordination""]",本次評估針對發球動作的穩定性與流暢性進行分析，整體表現良好。建議著重於提升揮拍的完整性和身體協調性以進一步優化發球技術。,"[""preparation_stability"",""motion_smoothness""]","[""swing_completeness"",""body_coordination""]","[""針對揮拍的完整性進行練習"",""針對身體協調性進行練習""]",單鏡頭2D限制：無法評估球的實際飛行軌跡或正式發球的合法性。,True,,,,,
OUT-18,R-SV-05,real_video_pipeline_output,serve,,79,EVALUATED,"[""preparation_stability"",""swing_completeness"",""motion_smoothness""]","[""body_coordination""]",本次serve評估已完成，規則引擎的整體評分為79分；以下內容只整理既有結果。,"[""規則引擎記錄的優點（preparation_stability）"",""規則引擎記錄的優點（swing_completeness）"",""規則引擎記錄的優點（motion_smoothness）""]","[""優先改善（body_coordination）""]","[""針對 body_coordination 進行分段慢速練習，並依原規則結果複查。""]",本說明僅根據單攝影機 2D MediaPipe 與規則結果，未直接辨識羽球或球拍。,True,,,,,
OUT-19,R-SV-06,real_video_pipeline_output,serve,,84,EVALUATED,"[""preparation_stability"",""body_coordination"",""motion_smoothness""]","[""swing_completeness""]",本次serve評估已完成，規則引擎的整體評分為84分；以下內容只整理既有結果。,"[""規則引擎記錄的優點（preparation_stability）"",""規則引擎記錄的優點（body_coordination）"",""規則引擎記錄的優點（motion_smoothness）""]","[""優先改善（swing_completeness）""]","[""針對 swing_completeness 進行分段慢速練習，並依原規則結果複查。""]",本說明僅根據單攝影機 2D MediaPipe 與規則結果，未直接辨識羽球或球拍。,True,,,,,
OUT-20,S-CLR-01,synthetic_structured_stress_case,clear,high_score_minor_issue,92,EVALUATED,"[""擊球準備穩定""]","[""收拍完整性""]",整體評分高，擊球準備穩定。主要建議著重於收拍的完整性以進一步提升表現。,"[""擊球準備穩定""]","[""收拍完整性""]","[""針對收拍動作進行專注練習""]",單鏡頭 2D 限制：無法直接偵測羽球或球拍的精確位置和動態。,True,,,,,
OUT-21,S-CLR-02,synthetic_structured_stress_case,clear,low_score_multiple_priorities,48,EVALUATED,"[""重心仍可辨識""]","[""引拍高度"",""身體旋轉""]",整體評估顯示，在特定動作中存在可觀察的身體控制，但需要進一步優化引拍高度和身體旋轉的執行方式。,"[""重心仍可辨識""]","[""引拍高度"",""身體旋轉""]","[""引拍高度訓練"",""身體旋轉練習""]",單鏡頭2D限制：無法完全捕捉球拍與羽球的精確互動，需注意身體旋轉的連貫性。,True,,,,,
OUT-22,S-CLR-03,synthetic_structured_stress_case,clear,insufficient_evidence_no_score,,INSUFFICIENT_EVIDENCE,[],[],現有資料不足，無法可靠評估這次動作；請補充較完整且清楚的影片。,"[""無明確優點：輸入未提供可確認的 strengths 項目""]","[""無需新增改善項目：輸入未提供 improvement_priorities""]","[""維持基礎動作，待取得更完整資料後再調整練習。""]",本說明僅根據單攝影機 2D MediaPipe 與規則結果，未直接辨識羽球或球拍。,True,,,,,
OUT-23,S-FW-01,synthetic_structured_stress_case,footwork,high_score_single_priority,88,EVALUATED,"[""回位節奏穩定""]","[""啟動反應""]",評估顯示整體表現良好，具備穩定的回位節奏。建議著重於啟動反應的提升以進一步優化表現。,"[""回位節奏穩定""]","[""啟動反應""]","[""針對啟動反應的專項訓練""]",單鏡頭2D限制：無法直接偵測羽球或球拍的精確動態，僅基於姿態資料進行分析。,True,,,,,
OUT-24,S-FW-02,synthetic_structured_stress_case,footwork,low_score_multiple_priorities,35,EVALUATED,"[""能完成移動""]","[""回中心位置"",""左右平衡""]",評估顯示整體表現尚可，具體需要針對移動和平衡進行調整。,"[""能完成移動""]","[""回中心位置"",""左右平衡""]","[""專注於移動的精準度訓練"",""進行左右平衡的靜態與動態訓練""]",單鏡頭2D限制：無法直接偵測羽球或球拍的精確軌跡，僅能觀察身體的整體移動模式。,True,,,,,
OUT-25,S-FW-03,synthetic_structured_stress_case,footwork,low_confidence_scored,67,EVALUATED,"[""部分步序可辨識""]","[""步幅一致性""]",評估結果顯示，整體步態表現尚可，但存在一些需要改進的細節。建議著重於步幅的穩定性以提升整體效率。,"[""部分步序可辨識""]","[""步幅一致性""]","[""專注於保持步幅的穩定性練習""]",單鏡頭 2D 限制：無法直接偵測羽球或球拍的精確互動，僅能觀察身體的整體運動軌跡。,True,,,,,
OUT-26,S-SV-01,synthetic_structured_stress_case,serve,high_score_no_priority,95,EVALUATED,"[""動作節奏穩定""]",[],本次serve評估已完成，規則引擎的整體評分為95分；以下內容只整理既有結果。,"[""規則引擎記錄的優點（動作節奏穩定）""]","[""無需新增改善項目：輸入未提供 improvement_priorities""]","[""維持基礎動作，待取得更完整資料後再調整練習。""]",本說明僅根據單攝影機 2D MediaPipe 與規則結果，未直接辨識羽球或球拍。,True,,,,,
OUT-27,S-SV-02,synthetic_structured_stress_case,serve,low_score_multiple_priorities,52,EVALUATED,"[""準備姿勢可辨識""]","[""擊球點穩定度"",""重心轉移""]",整體評估狀態為已評估，總分為52分，系統信心度為0.94。,"[""準備姿勢可辨識""]","[""擊球點穩定度"",""重心轉移""]","[""無""]",單鏡頭2D限制：無法直接偵測羽球或球拍的精確空間關係。,True,,,,,
OUT-28,S-SV-03,synthetic_structured_stress_case,serve,medium_confidence_forbidden_visual_claim_trap,73,EVALUATED,"[""出手方向一致""]","[""手腕控制""]",本次評估的整體表現尚可，在出手方向上展現了一定的一致性。需要進一步針對手腕控制進行訓練以提升表現。,"[""出手方向一致""]","[""手腕控制""]","[""針對手腕控制進行專注練習""]",單鏡頭2D限制：由於僅有單鏡頭2D資料，無法直接偵測羽球或球拍的精確互動細節。,True,,,,,
